##;##
#2014-02-23 09:12:01
#GS-911 Android V1.1
#F650GS
#BMS-C
Time (ms);Speed( km/h);RPM;Throttle position (TPS)( °);Engine temperature( °C);Intake air temperature( °C);Ambient air pressure( mbar);Battery voltage( V);Idle actuator position( steps);Injection time( ms);Ignition angle( °KW);Lambda sensor voltage( mV);Fuel pump;Fan motor;Lambda closed-loop control;Lambda sensor heating;Tank venting valve (US only)
306;0;1300.0;0.47;90.75;21.0;1025.0;14.39;21.0;3.03;15.0;318.35;1.0;0;1.0;0;0
619;0;1470.0;0.47;90.75;21.0;1025.0;14.29;21.0;2.86;15.5;261.59;1.0;0;1.0;0;0
989;0;1390.0;0;90.75;21.0;1025.0;14.29;21.0;2.95;15.0;827.74;1.0;0;1.0;0;0
1362;0;1390.0;0.94;90.75;21.0;1025.0;14.39;21.0;2.96;15.0;304.70;1.0;0;1.0;0;0
1739;0;1550.0;1.41;90.75;21.0;1025.0;14.11;23.0;3.12;15.5;836.29;1.0;0;1.0;0;0
2113;0;1700.0;1.88;90.75;21.0;1025.0;14.11;23.0;3.10;16.5;905.86;1.0;0;1.0;0;0
2425;0;1590.0;1.41;90.75;21.0;1025.0;14.20;23.0;3.04;16.0;931.11;1.0;0;1.0;0;0
2798;0;1670.0;1.41;90.75;21.0;1025.0;14.11;23.0;2.98;16.5;920.59;1.0;0;1.0;0;0
3199;0;1680.0;1.41;90.75;21.0;1025.0;14.20;23.0;2.99;16.5;897.55;1.0;0;1.0;0;0
3681;0;1630.0;1.88;91.5;21.0;1025.0;14.11;23.0;3.02;16.0;856.20;1.0;0;1.0;0;0
4025;0;1550.0;0.47;91.5;21.0;1025.0;14.11;21.0;3.17;16.0;866.88;1.0;0;1.0;0;0
4439;0;1600.0;0.47;91.5;21.0;1025.0;14.11;21.0;3.05;16.0;925.32;1.0;0;1.0;0;0
4754;0;1580.0;0.47;91.5;21.0;1025.0;14.20;21.0;3.08;16.0;941.18;1.0;0;1.0;0;0
5124;0;1530.0;0.47;91.5;21.0;1025.0;14.20;21.0;3.11;16.0;940.35;1.0;0;1.0;0;0
5490;0;1530.0;0.47;91.5;21.0;1025.0;14.11;21.0;3.07;16.0;934.93;1.0;0;1.0;0;0
5861;0;1570.0;0.47;91.5;21.0;1025.0;14.20;21.0;2.97;16.0;929.66;1.0;0;1.0;0;0
6239;0;1480.0;0.47;91.5;21.0;1025.0;14.20;21.0;3.05;15.5;924.17;1.0;0;1.0;0;0
6554;0;1450.0;0.47;91.5;21.0;1025.0;14.20;21.0;3.01;15.5;918.91;1.0;0;1.0;0;0
6944;0;1520.0;0.47;91.5;21.0;1025.0;14.29;21.0;2.94;16.0;919.21;1.0;0;1.0;0;0
7256;0;1570.0;0.47;91.5;21.0;1025.0;14.20;21.0;2.87;16.0;916.85;1.0;0;1.0;0;0
7626;0;1530.0;0.47;91.5;21.0;1025.0;14.20;21.0;2.91;16.0;914.94;1.0;0;1.0;0;0
8011;0;1540.0;0.47;91.5;21.0;1025.0;14.20;21.0;2.86;16.0;906.47;1.0;0;1.0;0;0
8324;0;1510.0;0.47;91.5;21.0;1025.0;14.29;21.0;2.82;16.0;895.72;1.0;0;1.0;0;0
8694;0;1440.0;0.47;91.5;21.0;1025.0;14.29;21.0;2.86;15.5;864.51;1.0;0;1.0;0;0
9063;0;1240.0;0.47;91.5;21.0;1025.0;14.39;21.0;3.07;12.5;695.84;1.0;0;1.0;0;0
9391;0;1270.0;0.47;91.5;21.0;1025.0;14.29;21.0;3.09;12.5;191.86;1.0;0;1.0;0;0
9774;0;1340.0;0.47;91.5;21.0;1025.0;14.29;21.0;3.01;15.0;540.36;1.0;0;1.0;0;0
10143;0;1380.0;0.47;91.5;21.0;1025.0;14.20;21.0;2.89;15.0;146.17;1.0;0;1.0;0;0
10474;0;1360.0;0.47;91.5;21.0;1025.0;14.29;21.0;2.89;15.0;102.38;1.0;0;1.0;0;0
10844;0;1310.0;0.47;91.5;21.0;1025.0;14.29;21.0;3.04;12.5;70.64;1.0;0;1.0;0;0
11252;0;1460.0;0;91.5;21.0;1025.0;14.20;21.0;2.81;15.5;617.33;1.0;0;1.0;0;0
11623;0;1400.0;0.47;92.25;21.0;1025.0;14.29;21.0;2.84;15.0;868.94;1.0;0;1.0;0;0
11988;0;1450.0;0.47;92.25;21.0;1025.0;14.20;21.0;2.72;15.5;698.05;1.0;0;1.0;0;0
12362;0;1410.0;0.47;92.25;21.0;1025.0;14.39;21.0;2.81;15.0;159.75;1.0;0;1.0;0;0
12732;0;1360.0;0.47;92.25;21.0;1025.0;14.20;21.0;2.92;15.0;91.92;1.0;0;1.0;0;0
13114;0;1360.0;0.47;92.25;21.0;1025.0;14.29;21.0;2.91;15.0;169.36;1.0;0;1.0;0;0
13428;0;1290.0;0.47;92.25;21.0;1025.0;14.20;21.0;3.11;15.0;87.96;1.0;0;1.0;0;0
13799;0;1420.0;0.47;92.25;21.0;1025.0;14.29;21.0;2.85;15.0;414.02;1.0;0;1.0;0;0
14170;0;1410.0;0.47;92.25;21.0;1025.0;14.29;21.0;2.81;15.0;815.23;1.0;0;1.0;0;0
14542;0;1270.0;0.47;92.25;21.0;1025.0;14.39;21.0;3.07;12.5;280.67;1.0;0;1.0;0;0
14926;0;1280.0;0.47;92.25;21.0;1025.0;14.20;21.0;3.07;12.5;77.58;1.0;0;1.0;0;0
15296;0;1320.0;0.47;92.25;21.0;1025.0;14.29;21.0;3.07;12.5;75.52;1.0;0;1.0;0;0
15632;0;1430.0;0.94;92.25;21.0;1025.0;14.20;21.0;2.96;15.0;440.42;1.0;0;1.0;0;0
16005;0;1820.0;8.46;92.25;21.0;1025.0;14.20;23.0;4.39;16.5;733.75;1.0;0;0;0;0
16376;0;1910.0;0.47;92.25;21.0;1025.0;14.11;21.0;2.81;17.0;436.91;1.0;0;1.0;0;0
16746;0;1590.0;0.47;92.25;21.0;1025.0;14.29;21.0;3.01;16.0;941.87;1.0;0;1.0;0;0
17073;0;1560.0;0.47;92.25;21.0;1025.0;14.29;21.0;2.94;16.0;933.17;1.0;0;1.0;0;0
17443;0;1510.0;0.47;92.25;21.0;1025.0;14.39;21.0;2.98;15.5;924.25;1.0;0;1.0;0;0
17813;0;1540.0;0.47;92.25;21.0;1025.0;14.29;21.0;2.89;15.5;920.51;1.0;0;1.0;0;0
18192;0;1570.0;0;92.25;21.0;1025.0;14.20;21.0;2.84;16.0;917.08;1.0;0;1.0;0;0
18563;0;1460.0;0.47;92.25;21.0;1025.0;14.39;21.0;2.91;15.5;909.37;1.0;0;1.0;0;0
18877;0;1430.0;0.47;92.25;21.0;1025.0;14.29;21.0;2.90;15.0;872.22;1.0;0;1.0;0;0
19247;0;1430.0;0.47;92.25;21.75;1025.0;14.29;21.0;2.86;15.5;894.50;1.0;0;1.0;0;0
19575;0;1350.0;0.47;93.0;21.75;1025.0;14.29;21.0;2.88;15.0;807.37;1.0;0;1.0;0;0
19945;0;1340.0;0.47;92.25;21.75;1025.0;14.39;21.0;2.99;15.0;855.82;1.0;0;1.0;0;0
20340;0;1300.0;0.47;93.0;21.75;1025.0;14.29;21.0;2.95;12.5;675.54;1.0;0;1.0;0;0
20698;0;1280.0;0.47;93.0;21.75;1025.0;14.39;21.0;2.97;9.5;210.94;1.0;0;1.0;0;0
21078;0;1350.0;0.47;93.0;21.75;1025.0;14.29;21.0;2.88;12.5;83.46;1.0;0;1.0;0;0
21450;0;1300.0;0.47;93.0;21.75;1025.0;14.29;21.0;2.99;12.5;74.61;1.0;0;1.0;0;0
21805;0;1330.0;0.47;93.0;21.75;1025.0;14.39;21.0;2.99;12.5;302.41;1.0;0;1.0;0;0
22126;0;1350.0;0.47;93.0;21.75;1025.0;14.39;21.0;2.88;12.5;834.76;1.0;0;1.0;0;0
22497;0;1390.0;0.47;93.0;21.75;1025.0;14.29;21.0;2.91;15.0;710.79;1.0;0;1.0;0;0
22833;0;1410.0;0.47;93.0;21.75;1025.0;14.29;21.0;2.77;15.0;317.36;1.0;0;1.0;0;0
23207;0;1420.0;0.47;93.0;21.75;1025.0;14.29;21.0;2.78;15.0;61.79;1.0;0;1.0;0;0
23589;0;1360.0;0.47;93.0;21.75;1025.0;14.29;21.0;2.88;15.0;74.23;1.0;0;1.0;0;0
23901;0;1270.0;0.47;93.0;21.75;1025.0;14.39;21.0;3.08;12.5;69.34;1.0;0;1.0;0;0
24238;0;1390.0;0;93.0;21.75;1025.0;14.29;21.0;2.92;15.0;64.38;1.0;0;1.0;0;0
24595;0;1340.0;0.47;93.0;21.75;1025.0;14.29;21.0;2.97;15.0;762.21;1.0;0;1.0;0;0
24965;0;1350.0;0;93.0;21.75;1025.0;14.39;21.0;2.85;15.0;747.33;1.0;0;1.0;0;0
25335;0;1380.0;0.47;93.0;21.75;1025.0;14.29;21.0;2.87;15.0;415.78;1.0;0;1.0;0;0
25705;0;1310.0;0.47;93.0;21.75;1025.0;14.39;21.0;2.92;12.5;165.62;1.0;0;1.0;0;0
26032;0;1240.0;0.47;93.0;21.75;1025.0;14.29;21.0;3.13;9.5;65.22;1.0;0;1.0;0;0
26402;0;1300.0;0.47;93.0;21.75;1025.0;14.29;21.0;3.04;12.5;210.25;1.0;0;1.0;0;0
26772;0;1320.0;0.47;93.0;21.75;1025.0;14.29;21.0;2.98;15.0;850.70;1.0;0;1.0;0;0
27152;0;1240.0;0.47;93.0;21.75;1025.0;14.39;21.0;3.10;9.5;309.43;1.0;0;1.0;0;0
27490;0;1360.0;0;93.0;21.75;1025.0;14.29;21.0;2.88;15.0;827.51;1.0;0;1.0;0;0
27844;0;1320.0;0.47;93.75;21.75;1025.0;14.39;21.0;2.91;12.5;333.53;1.0;0;1.0;0;0
28214;0;1220.0;0.47;93.0;21.75;1025.0;14.29;21.0;3.11;9.5;106.11;1.0;0;1.0;0;0
28580;0;1300.0;0.47;93.75;21.75;1025.0;14.39;21.0;2.97;12.5;422.95;1.0;0;1.0;0;0
28976;0;1320.0;0.47;93.75;21.75;1025.0;14.39;21.0;2.94;15.0;889.92;1.0;0;1.0;0;0
29324;0;1340.0;0.47;93.75;21.75;1025.0;14.20;21.0;2.86;15.0;734.52;1.0;0;1.0;0;0
29707;0;1210.0;0.47;93.75;21.75;1025.0;14.39;21.0;3.06;9.5;118.93;1.0;0;1.0;0;0
30020;0;1340.0;0;93.75;21.75;1025.0;14.39;21.0;2.89;12.5;73.84;1.0;0;1.0;0;0
30416;0;1380.0;0.47;93.75;21.75;1025.0;14.39;21.0;2.88;15.0;538.07;1.0;0;1.0;0;0
30821;0;1370.0;0.47;93.75;21.0;1025.0;14.29;21.0;2.81;15.0;634.19;1.0;0;1.0;0;0
31197;0;1270.0;0.47;93.75;21.75;1025.0;14.29;21.0;3.07;9.5;82.16;1.0;0;1.0;0;0
31511;0;1300.0;0.47;93.75;21.75;1025.0;14.20;21.0;3.00;12.5;56.60;1.0;0;1.0;0;0
31880;0;1470.0;0.47;93.75;21.75;1025.0;14.29;21.0;2.75;15.5;861.31;1.0;0;1.0;0;0
32269;0;1340.0;0.47;93.75;21.75;1025.0;14.29;21.0;2.90;15.0;678.75;1.0;0;1.0;0;0
32584;0;1380.0;0;93.75;21.75;1025.0;14.29;21.0;2.86;15.0;81.70;1.0;0;1.0;0;0
32954;0;1330.0;0.47;93.75;21.75;1025.0;14.29;21.0;2.98;15.0;67.21;1.0;0;1.0;0;0
33324;0;1340.0;0.47;93.75;21.75;1025.0;14.29;21.0;3.01;15.0;63.47;1.0;0;1.0;0;0
33645;0;1360.0;0;93.75;21.75;1025.0;14.29;21.0;2.93;15.0;282.42;1.0;0;1.0;0;0
34016;0;1430.0;0.47;93.75;21.75;1025.0;14.29;21.0;2.88;15.5;716.05;1.0;0;1.0;0;0
34412;0;1400.0;0.47;93.75;21.75;1025.0;14.29;21.0;2.81;15.0;378.39;1.0;0;1.0;0;0
34728;0;1400.0;0.47;93.75;21.75;1025.0;14.20;21.0;2.87;15.0;171.11;1.0;0;1.0;0;0
35085;0;1410.0;0.47;93.75;21.75;1025.0;14.39;21.0;2.86;15.0;365.50;1.0;0;1.0;0;0
35424;0;1360.0;0.47;93.75;21.75;1025.0;14.29;21.0;2.98;15.0;177.75;1.0;0;1.0;0;0
35760;0;1370.0;0.47;93.75;21.75;1025.0;14.39;21.0;2.95;15.0;833.16;1.0;0;1.0;0;0
36077;0;1430.0;0.47;93.75;21.75;1025.0;14.20;21.0;2.84;15.0;851.77;1.0;0;1.0;0;0
36390;0;1290.0;0.47;93.75;21.75;1025.0;14.39;21.0;3.12;15.0;246.87;1.0;0;1.0;0;0
36760;0;1370.0;0.47;94.5;21.75;1025.0;14.29;21.0;2.96;15.0;99.86;1.0;0;1.0;0;0
37131;0;1340.0;0.47;94.5;21.75;1025.0;14.39;21.0;3.10;15.0;448.89;1.0;0;1.0;0;0
37517;0;1310.0;0.47;94.5;21.75;1025.0;14.29;21.0;3.05;15.0;846.43;1.0;0;1.0;0;0
37830;0;1330.0;0.47;94.5;21.75;1025.0;14.29;21.0;2.98;12.5;831.94;1.0;0;1.0;0;0
38205;0;1300.0;0.47;94.5;21.75;1025.0;14.39;29.0;3.25;12.5;759.69;1.0;0;1.0;0;0
38580;0;1580.0;0.47;94.5;22.5;1025.0;14.20;21.0;2.67;16.0;935.31;1.0;0;1.0;0;0
38952;0;1460.0;0.47;94.5;22.5;1025.0;14.39;21.0;2.72;15.5;848.80;1.0;0;1.0;0;0
39322;0;1420.0;0.47;94.5;22.5;1025.0;14.29;21.0;2.79;15.0;231.23;1.0;0;1.0;0;0
39692;0;1500.0;0;94.5;22.5;1025.0;14.29;21.0;2.72;15.5;128.24;1.0;0;1.0;0;0
40077;0;1360.0;0.47;94.5;23.25;1025.0;14.29;21.0;2.86;15.0;657.31;1.0;0;1.0;0;0
40390;0;1350.0;0.47;94.5;23.25;1025.0;14.20;21.0;2.90;15.0;84.30;1.0;0;1.0;0;0
40710;0;1290.0;0.47;94.5;23.25;1025.0;14.39;21.0;2.99;9.5;121.83;1.0;0;1.0;0;0
41081;0;1240.0;0.47;94.5;23.25;1025.0;14.39;21.0;3.09;7.0;64.69;1.0;0;1.0;0;0
41475;0;1370.0;0.47;94.5;23.25;1025.0;14.29;21.0;2.88;15.0;788.68;1.0;0;1.0;0;0
41880;0;1400.0;0.47;94.5;23.25;1025.0;14.29;21.0;2.82;15.0;914.18;1.0;0;1.0;0;0
42250;0;1340.0;0.47;94.5;23.25;1025.0;14.20;21.0;2.88;12.5;435.46;1.0;0;1.0;0;0
42672;0;1310.0;0.47;94.5;23.25;1025.0;14.29;21.0;2.99;12.5;81.01;1.0;0;1.0;0;0
43042;0;1320.0;0;94.5;23.25;1025.0;14.39;21.0;2.98;12.5;72.93;1.0;0;1.0;0;0
43412;0;1330.0;0;94.5;23.25;1025.0;14.20;21.0;3.03;12.5;95.05;1.0;0;1.0;0;0
43790;0;1380.0;0.47;94.5;23.25;1025.0;14.29;21.0;2.94;15.0;781.51;1.0;0;1.0;0;0
44129;0;1440.0;0.47;94.5;23.25;1025.0;14.20;21.0;2.88;15.0;890.45;1.0;0;1.0;0;0
44476;0;1420.0;0.47;94.5;23.25;1025.0;14.29;21.0;2.82;15.5;889.84;1.0;0;1.0;0;0
44847;0;1420.0;0.47;94.5;23.25;1025.0;14.29;21.0;2.83;15.0;434.09;1.0;0;1.0;0;0
45219;0;1360.0;0.47;94.5;23.25;1025.0;14.29;21.0;2.88;15.0;96.35;1.0;0;1.0;0;0
45555;0;1390.0;0.47;95.25;23.25;1025.0;14.39;21.0;2.93;15.0;550.35;1.0;0;1.0;0;0
45927;0;1370.0;0.47;95.25;23.25;1025.0;14.29;21.0;2.85;15.0;819.43;1.0;0;1.0;0;0
46291;0;1450.0;0.47;95.25;23.25;1025.0;14.29;21.0;2.75;15.5;903.42;1.0;0;1.0;0;0
46661;0;1370.0;0.47;95.25;23.25;1025.0;14.20;21.0;2.83;15.0;541.96;1.0;0;1.0;0;0
47134;0;1330.0;0.47;95.25;23.25;1025.0;14.29;21.0;2.90;12.5;87.35;1.0;0;1.0;0;0
47505;0;1440.0;0.47;95.25;23.25;1025.0;14.20;21.0;2.83;15.0;314.31;1.0;0;1.0;0;0
47871;0;1490.0;0.47;95.25;23.25;1025.0;14.29;21.0;2.75;15.5;909.91;1.0;0;1.0;0;0
48242;0;1300.0;0.47;95.25;23.25;1025.0;14.39;21.0;2.85;12.5;445.30;1.0;0;1.0;0;0
48637;0;1480.0;0.47;95.25;23.25;1025.0;14.29;21.0;2.81;15.5;747.33;1.0;0;1.0;0;0
49001;0;1460.0;0.47;95.25;23.25;1025.0;14.29;21.0;2.73;15.5;876.34;1.0;0;1.0;0;0
49314;0;1230.0;0.47;95.25;23.25;1025.0;14.39;21.0;3.02;7.0;313.32;1.0;0;1.0;0;0
49701;0;1280.0;0.47;95.25;23.25;1025.0;14.39;21.0;3.01;12.5;515.94;1.0;0;1.0;0;0
50012;0;1360.0;0;95.25;23.25;1025.0;14.29;21.0;2.83;15.0;869.09;1.0;0;1.0;0;0
50381;0;1330.0;0.47;95.25;23.25;1025.0;14.29;21.0;2.92;15.0;263.27;1.0;0;1.0;0;0
50776;0;1450.0;0;95.25;23.25;1025.0;14.29;21.0;2.73;15.5;616.72;1.0;0;1.0;0;0
51089;0;1320.0;0.47;95.25;24.0;1025.0;14.20;21.0;2.89;15.0;706.44;1.0;0;1.0;0;0
51472;0;1210.0;0.47;95.25;24.0;1025.0;14.39;21.0;3.06;9.5;103.44;1.0;0;1.0;0;0
51785;0;1390.0;0.47;95.25;24.0;1025.0;14.29;21.0;2.81;15.0;838.73;1.0;0;1.0;0;0
52155;0;1440.0;0.47;95.25;24.0;1025.0;14.20;21.0;2.71;15.5;878.25;1.0;0;1.0;0;0
52525;0;1300.0;0;95.25;24.0;1025.0;14.39;21.0;2.98;12.5;129.99;1.0;0;1.0;0;0
52846;0;1520.0;0.47;95.25;24.0;1025.0;14.29;21.0;2.70;15.5;676.69;1.0;0;1.0;0;0
53242;0;1450.0;0.47;95.25;24.0;1025.0;14.29;21.0;2.81;15.5;893.81;1.0;0;1.0;0;0
53554;0;1400.0;0.47;95.25;24.0;1025.0;14.29;21.0;2.79;15.0;837.89;1.0;0;1.0;0;0
53892;0;1350.0;0.47;95.25;24.75;1025.0;14.29;21.0;2.89;15.0;792.88;1.0;0;1.0;0;0
54249;0;1280.0;0.47;95.25;24.75;1025.0;14.29;21.0;3.04;12.5;186.75;1.0;0;1.0;0;0
54619;0;1280.0;0.47;96.0;24.75;1025.0;14.39;21.0;3.05;15.0;77.43;1.0;0;1.0;0;0
54989;0;1550.0;0.47;96.0;24.75;1025.0;14.11;21.0;2.70;15.5;762.82;1.0;0;1.0;0;0
55370;0;1390.0;0.47;96.0;24.75;1025.0;14.29;21.0;2.89;15.5;892.44;1.0;0;1.0;0;0
55682;0;1380.0;0.47;96.0;24.75;1025.0;14.39;21.0;2.83;15.0;395.33;1.0;0;1.0;0;0
56079;0;1230.0;0.47;96.0;24.75;1025.0;14.39;21.0;3.11;12.5;47.83;1.0;0;1.0;0;0
56486;0;1450.0;0.47;96.0;24.75;1025.0;14.29;21.0;2.80;15.0;229.78;1.0;0;1.0;0;0
56808;0;1300.0;0.47;96.0;24.75;1025.0;14.20;21.0;2.96;15.0;862.76;1.0;0;1.0;0;0
57307;0;1350.0;0.47;96.0;24.75;1025.0;14.29;21.0;2.89;15.0;114.28;1.0;0;1.0;0;0
57677;0;1370.0;0;96.0;24.75;1025.0;14.29;21.0;2.88;15.0;849.87;1.0;0;1.0;0;0
57996;0;1310.0;0.47;96.0;24.75;1025.0;14.39;21.0;2.93;12.5;130.98;1.0;0;1.0;0;0
58366;0;1320.0;0.47;96.0;24.0;1025.0;14.39;21.0;2.99;15.0;166.31;1.0;0;1.0;0;0
58746;0;1460.0;0.47;96.0;24.0;1025.0;14.29;21.0;2.77;15.5;863.45;1.0;0;1.0;0;0
59121;0;1390.0;0.47;96.0;24.0;1025.0;14.29;21.0;2.87;15.0;825.38;1.0;0;1.0;0;0
59434;0;1360.0;0;96.0;24.0;1025.0;14.29;21.0;2.86;15.0;163.33;1.0;0;1.0;0;0
59805;0;1390.0;0.47;96.0;24.0;1025.0;14.29;21.0;2.91;15.0;63.32;1.0;0;1.0;0;0
60175;0;1460.0;0.47;96.0;24.0;1025.0;14.20;21.0;2.80;15.0;81.09;1.0;0;1.0;0;0
60557;0;1480.0;0.47;96.0;24.0;1025.0;14.29;21.0;2.78;15.5;871.38;1.0;0;1.0;0;0
60869;0;1290.0;0;96.0;24.0;1025.0;14.39;21.0;2.97;15.0;263.04;1.0;0;1.0;0;0
61266;0;1330.0;0.47;96.0;24.0;1025.0;14.39;25.0;2.92;12.5;383.73;1.0;0;1.0;0;0
61745;0;1540.0;0.47;96.0;24.0;1025.0;14.29;21.0;2.74;16.0;934.62;1.0;0;1.0;0;0
62115;0;1440.0;0.47;96.0;24.0;1025.0;14.29;21.0;2.84;15.5;893.35;1.0;0;1.0;0;0
62452;0;1360.0;0.47;96.0;24.0;1025.0;14.29;21.0;2.89;15.0;717.50;1.0;0;1.0;0;0
62825;0;1420.0;0.47;96.0;24.0;1025.0;14.29;21.0;2.87;15.0;159.14;1.0;0;1.0;0;0
63177;0;1400.0;0.47;96.0;24.0;1025.0;14.29;21.0;2.82;15.5;883.43;1.0;0;1.0;0;0
63547;0;1370.0;0.47;96.0;24.0;1025.0;14.29;21.0;2.87;15.0;691.11;1.0;0;1.0;0;0
63917;0;1240.0;0.47;96.0;24.0;1025.0;14.39;21.0;3.13;12.5;98.33;1.0;0;1.0;0;0
64306;0;1490.0;0;96.0;24.0;1025.0;14.20;21.0;2.77;15.5;805.24;1.0;0;1.0;0;0
64617;0;1390.0;0.47;96.75;24.0;1025.0;14.29;21.0;2.87;15.5;905.18;1.0;0;1.0;0;0
65012;0;1380.0;0.47;96.75;24.0;1025.0;14.29;21.0;2.83;15.0;658.76;1.0;0;1.0;0;0
65326;0;1290.0;0.47;96.75;24.0;1025.0;14.29;21.0;3.03;12.5;534.86;1.0;0;1.0;0;0
65647;0;1440.0;0.47;96.75;24.0;1025.0;14.29;21.0;2.77;15.5;899.53;1.0;0;1.0;0;0
66017;0;1400.0;0.47;96.75;24.0;1025.0;14.29;21.0;2.73;15.0;862.83;1.0;0;1.0;0;0
66424;0;1350.0;0.47;96.75;24.0;1025.0;14.20;21.0;2.81;15.0;196.90;1.0;0;1.0;0;0
66740;0;1430.0;0;96.75;24.0;1025.0;14.20;21.0;2.78;15.0;160.05;1.0;0;1.0;0;0
67112;0;1440.0;0.47;96.75;23.25;1025.0;14.39;21.0;2.75;15.5;887.32;1.0;0;1.0;0;0
67482;0;1340.0;0.47;96.75;23.25;1025.0;14.29;21.0;2.89;15.0;286.01;1.0;0;1.0;0;0
67852;0;1310.0;0.47;96.75;23.25;1025.0;14.29;21.0;2.89;9.5;71.48;1.0;0;1.0;0;0
68237;0;1490.0;0.47;96.75;23.25;1025.0;14.20;21.0;2.75;15.5;876.72;1.0;0;1.0;0;0
68550;0;1390.0;0.47;96.75;23.25;1025.0;14.29;21.0;2.82;15.0;244.66;1.0;0;1.0;0;0
68921;0;1250.0;0.47;96.75;23.25;1025.0;14.39;21.0;3.03;12.5;70.72;1.0;0;1.0;0;0
69257;0;1400.0;0.47;96.75;23.25;1025.0;14.29;21.0;2.84;15.0;519.07;1.0;0;1.0;0;0
69637;0;1420.0;0.47;96.75;23.25;1025.0;14.29;21.0;2.79;15.5;889.23;1.0;0;1.0;0;0
69951;0;1350.0;0.47;96.75;23.25;1025.0;14.29;21.0;2.83;15.0;412.80;1.0;0;1.0;0;0
70320;0;1330.0;0.47;96.75;23.25;1025.0;14.20;21.0;2.96;12.5;87.96;1.0;0;1.0;0;0
70706;0;1490.0;0.47;96.75;23.25;1025.0;14.20;21.0;2.73;15.5;892.21;1.0;0;1.0;0;0
71019;0;1260.0;0.47;96.75;23.25;1025.0;14.39;21.0;2.97;12.5;349.02;1.0;0;1.0;0;0
71389;0;1420.0;0.47;96.75;23.25;1025.0;14.29;21.0;2.78;15.0;300.73;1.0;0;1.0;0;0
71760;0;1480.0;0.47;96.75;23.25;1025.0;14.29;21.0;2.76;15.5;894.04;1.0;0;1.0;0;0
72139;0;1300.0;0.47;96.75;23.25;1025.0;14.39;21.0;2.92;12.5;100.47;1.0;0;1.0;0;0
72459;0;1500.0;0.47;96.75;23.25;1025.0;14.20;22.0;2.78;15.5;387.40;1.0;0;1.0;0;0
72835;0;1410.0;0.47;96.75;23.25;1025.0;14.39;21.0;2.75;15.0;793.33;1.0;0;1.0;0;0
73170;0;1320.0;0.47;96.75;23.25;1025.0;14.39;21.0;2.89;12.5;96.43;1.0;0;1.0;0;0
73533;0;1590.0;0.47;96.75;23.25;1025.0;14.20;21.0;2.82;16.0;861.61;1.0;0;1.0;0;0
73903;0;1470.0;0.47;96.75;23.25;1025.0;14.29;21.0;2.80;15.5;883.36;1.0;0;1.0;0;0
74242;0;1340.0;0.47;96.75;23.25;1025.0;14.29;21.0;2.94;12.5;745.88;1.0;0;1.0;0;0
74608;0;1310.0;0.47;96.75;23.25;1025.0;14.39;21.0;2.99;12.5;840.48;1.0;0;1.0;0;0
74978;0;1460.0;0.47;97.5;23.25;1025.0;14.20;21.0;2.78;15.5;906.40;1.0;0;1.0;0;0
75348;0;1310.0;0.47;97.5;23.25;1025.0;14.39;21.0;2.94;15.0;807.52;1.0;0;1.0;0;0
75730;0;1430.0;0.47;97.5;23.25;1025.0;14.29;21.0;2.84;15.5;625.95;1.0;0;1.0;0;0
76101;0;1490.0;0.47;97.5;23.25;1025.0;14.29;21.0;2.78;15.5;905.63;1.0;0;1.0;0;0
76472;0;1470.0;0.47;97.5;23.25;1025.0;14.20;21.0;2.73;15.5;840.86;1.0;0;1.0;0;0
76843;0;1380.0;0.47;97.5;23.25;1025.0;14.29;21.0;2.83;15.0;874.35;1.0;0;1.0;0;0
77165;0;1340.0;0;97.5;23.25;1025.0;14.39;21.0;2.88;15.0;232.07;1.0;0;1.0;0;0
77561;0;1490.0;0.47;97.5;23.25;1025.0;14.20;21.0;2.76;15.5;770.98;1.0;0;1.0;0;0
77874;0;1340.0;0.47;97.5;23.25;1025.0;14.29;21.0;2.87;15.0;551.95;1.0;0;1.0;0;0
78246;0;1440.0;0.47;97.5;23.25;1025.0;14.39;21.0;2.75;15.0;700.49;1.0;0;1.0;0;0
78594;0;1400.0;0.47;97.5;23.25;1025.0;14.20;21.0;2.71;15.0;145.10;1.0;0;1.0;0;0
78964;0;1540.0;6.58;97.5;24.0;1025.0;14.20;23.0;5.03;13.5;300.73;1.0;0;0;0;0
79334;0;1930.0;0.47;97.5;24.0;1025.0;14.11;21.0;2.59;17.5;936.00;1.0;0;0;0;0
79724;0;1640.0;0.47;97.5;24.0;1025.0;14.20;21.0;2.73;16.0;928.90;1.0;0;1.0;0;0
80041;0;1440.0;0.47;97.5;24.75;1025.0;14.29;21.0;2.88;15.5;884.88;1.0;0;1.0;0;0
80412;0;1460.0;0.47;97.5;24.75;1025.0;14.29;21.0;2.75;15.5;803.10;1.0;0;1.0;0;0
80752;0;1360.0;0.47;97.5;24.75;1025.0;14.29;21.0;2.88;15.0;120.30;1.0;0;1.0;0;0
81117;0;1390.0;0.47;97.5;24.75;1025.0;14.39;21.0;2.9;15.0;69.57;1.0;0;1.0;0;0
81505;0;1400.0;0.47;97.5;24.75;1025.0;14.29;21.0;2.92;15.0;116.57;1.0;0;1.0;0;0
81874;0;1420.0;1.41;97.5;24.75;1025.0;14.20;21.0;2.88;15.0;810.50;1.0;0;1.0;0;0
82247;0;1490.0;2.35;97.5;24.75;1025.0;14.29;23.0;3.39;15.5;941.49;1.0;0;1.0;0;0
82617;0;1810.0;3.76;97.5;24.75;1025.0;14.11;23.0;3.52;17.0;256.94;1.0;0;1.0;0;0
82987;0;2110.0;3.76;97.5;24.75;1025.0;14.11;23.0;3.28;19.0;135.79;1.0;0;1.0;0;0
83326;0;2220.0;3.29;97.5;24.75;1025.0;14.11;23.0;3.12;19.5;781.74;1.0;0;1.0;0;0
83687;0;2250.0;3.76;97.5;24.75;1025.0;14.11;23.0;3.04;20.0;871.68;1.0;0;1.0;0;0
84116;0;2300.0;3.76;97.5;24.75;1025.0;14.01;23.0;2.98;20.5;872.68;1.0;0;1.0;0;0
84491;0;2300.0;3.29;97.5;24.75;1025.0;14.01;23.0;2.99;20.5;879.77;1.0;0;1.0;0;0
84851;0;2140.0;3.29;97.5;24.75;1025.0;14.11;23.0;3.03;19.5;511.37;1.0;0;1.0;0;0
85224;0;1940.0;3.29;97.5;24.75;1025.0;14.11;23.0;3.25;18.0;67.97;1.0;0;1.0;0;0
85655;0;2160.0;3.29;98.25;24.75;1025.0;14.11;23.0;3.10;19.5;135.87;1.0;0;1.0;0;0
86031;0;2270.0;3.76;98.25;24.0;1025.0;14.11;23.0;3.06;20.0;563.09;1.0;0;1.0;0;0
86344;0;2260.0;3.29;98.25;24.0;1025.0;14.01;23.0;3.07;20.0;811.80;1.0;0;1.0;0;0
86681;0;2280.0;3.76;98.25;24.0;1025.0;14.01;23.0;3.03;20.5;851.93;1.0;0;1.0;0;0
87054;0;2150.0;3.76;98.25;24.0;1025.0;14.11;23.0;3.08;19.5;127.25;1.0;0;1.0;0;0
87415;0;2220.0;3.29;98.25;24.0;1025.0;14.01;23.0;3.07;19.5;807.07;1.0;0;1.0;0;0
87751;0;2260.0;3.29;98.25;24.0;1025.0;14.11;23.0;2.93;20.0;841.40;1.0;0;1.0;0;0
88066;0;2100.0;3.29;98.25;24.0;1025.0;14.01;23.0;3.09;19.0;120.53;1.0;0;1.0;0;0
88486;0;2080.0;3.76;98.25;24.0;1025.0;14.01;23.0;3.15;18.5;61.71;1.0;0;1.0;0;0
88869;0;2160.0;3.29;98.25;23.25;1025.0;14.01;23.0;3.21;19.5;78.27;1.0;0;1.0;0;0
89239;0;2300.0;3.29;98.25;23.25;1025.0;14.01;23.0;3.05;20.5;842.77;1.0;0;1.0;0;0
89609;0;2290.0;3.29;98.25;23.25;1025.0;14.01;23.0;3.07;20.5;838.96;1.0;0;1.0;0;0
89997;0;2300.0;3.76;98.25;23.25;1025.0;14.11;23.0;2.98;20.5;874.28;1.0;0;1.0;0;0
90310;0;2300.0;3.29;98.25;23.25;1025.0;14.01;23.0;2.95;21.5;829.42;1.0;0;1.0;0;0
90680;0;2220.0;3.29;98.25;23.25;1025.0;14.01;23.0;3.00;19.5;805.39;1.0;0;1.0;0;0
91060;0;2090.0;3.29;98.25;23.25;1025.0;14.11;23.0;3.05;19.0;201.10;1.0;0;1.0;0;0
91432;0;2170.0;3.29;98.25;23.25;1025.0;14.11;23.0;3.02;19.5;106.27;1.0;0;1.0;0;0
91802;0;2190.0;0.94;98.25;23.25;1025.0;14.01;21.0;2.49;19.0;156.47;1.0;0;1.0;0;0
92172;0;1740.0;0.47;98.25;23.25;1025.0;14.20;21.0;2.73;16.5;913.03;1.0;0;1.0;0;0
92557;0;1700.0;0.47;98.25;23.25;1025.0;14.11;21.0;2.67;16.5;937.52;1.0;0;1.0;0;0
92871;0;1570.0;0.47;98.25;23.25;1025.0;14.29;21.0;2.75;16.0;925.70;1.0;0;1.0;0;0
93241;0;1580.0;0.47;98.25;23.25;1025.0;14.29;21.0;2.74;16.0;916.39;1.0;0;1.0;0;0
93677;0;1460.0;0.47;98.25;24.0;1025.0;14.39;21.0;2.72;15.5;884.20;1.0;0;1.0;0;0
94047;0;1410.0;0.47;98.25;24.0;1025.0;14.29;21.0;2.74;15.0;794.02;1.0;0;1.0;0;0
94360;0;1290.0;0.47;98.25;24.0;1025.0;14.29;21.0;2.96;15.0;599.63;1.0;0;1.0;0;0
94788;0;1390.0;0.47;98.25;24.0;1025.0;14.29;21.0;2.78;15.0;219.71;1.0;0;1.0;0;0
95152;0;1390.0;0.47;98.25;24.0;1025.0;14.29;21.0;2.81;15.0;74.99;1.0;0;1.0;0;0
95490;0;1330.0;0.47;99.0;24.75;1025.0;14.39;21.0;2.95;15.0;70.33;1.0;0;1.0;0;0
95862;0;1390.0;0.47;99.0;24.75;1025.0;14.20;21.0;2.86;15.0;86.36;1.0;0;1.0;0;0
96237;0;1410.0;0.47;99.0;24.75;1025.0;14.29;21.0;2.87;15.0;81.24;1.0;0;1.0;0;0
96550;0;1460.0;0.47;99.0;24.75;1025.0;14.29;21.0;2.82;15.5;192.09;1.0;0;1.0;0;0
96922;0;1470.0;0.47;99.0;24.75;1025.0;14.29;21.0;2.78;15.5;863.22;1.0;0;1.0;0;0
97352;0;1420.0;0.47;99.0;24.75;1025.0;14.29;21.0;2.83;15.5;837.43;1.0;0;1.0;0;0
97735;0;1480.0;0.47;99.0;24.75;1025.0;14.29;21.0;2.76;15.5;864.67;1.0;0;1.0;0;0
98047;0;1420.0;0.47;99.0;24.75;1025.0;14.29;21.0;2.77;15.5;832.17;1.0;0;1.0;0;0
98417;0;1430.0;0.47;99.0;24.75;1025.0;14.39;21.0;2.70;15.0;633.05;1.0;0;1.0;0;0
98764;0;1380.0;0.47;99.0;24.75;1025.0;14.20;21.0;2.85;15.0;107.11;1.0;0;1.0;0;0
99132;0;1410.0;0.47;99.0;24.75;1025.0;14.29;21.0;2.79;15.0;94.37;1.0;0;1.0;0;0
99444;0;1450.0;0.47;99.0;24.75;1025.0;14.29;21.0;2.75;15.0;86.36;1.0;0;1.0;0;0
99839;0;1390.0;0.47;99.0;24.75;1025.0;14.11;21.0;2.90;15.0;538.07;1.0;0;1.0;0;0
100236;0;1460.0;0.47;99.0;24.75;1025.0;14.20;21.0;2.79;15.5;344.98;1.0;0;1.0;0;0
100607;0;1400.0;0.47;99.0;24.75;1025.0;14.29;21.0;2.87;15.0;73.54;1.0;0;1.0;0;0
100980;0;1390.0;0.47;99.0;24.75;1025.0;14.29;21.0;2.95;15.0;92.00;1.0;0;1.0;0;0
101331;0;1430.0;0.47;99.0;24.75;1025.0;14.29;21.0;2.86;15.0;281.66;1.0;0;1.0;0;0
101702;0;1390.0;0.47;99.0;24.75;1025.0;14.29;21.0;2.95;15.0;845.36;1.0;0;1.0;0;0
102015;0;1480.0;0;99.0;24.75;1025.0;14.29;21.0;2.77;15.5;564.24;1.0;0;1.0;0;0
102385;0;1430.0;0.47;99.0;24.75;1025.0;14.20;21.0;2.88;15.5;432.94;1.0;0;1.0;0;0
102764;0;1470.0;0.47;99.0;24.75;1025.0;14.29;21.0;2.78;15.5;799.90;1.0;0;1.0;0;0
103133;0;1410.0;0.47;99.0;24.75;1025.0;14.39;21.0;2.82;15.0;786.93;1.0;0;1.0;0;0
103504;0;1400.0;0.47;99.0;24.75;1025.0;14.39;21.0;2.78;15.0;143.65;1.0;0;1.0;0;0
103892;0;1400.0;0.47;99.0;24.75;1025.0;14.29;21.0;2.88;15.5;130.76;1.0;0;1.0;0;0
104262;0;1500.0;0.47;99.75;24.75;1025.0;14.20;21.0;2.74;15.5;750.84;1.0;0;1.0;0;0
104575;0;1510.0;0;99.75;24.75;1025.0;14.29;21.0;2.71;15.5;832.09;1.0;0;1.0;0;0
104945;0;1370.0;0.47;99.75;24.75;1025.0;14.39;21.0;2.87;15.0;809.89;1.0;0;1.0;0;0
105290;0;1290.0;0.47;99.75;24.75;1025.0;14.39;21.0;3.03;12.5;136.33;1.0;0;1.0;0;0
105661;0;1380.0;0.47;99.75;24.75;1025.0;14.29;21.0;2.94;15.0;59.12;1.0;0;1.0;0;0
105972;0;1430.0;0.47;99.75;24.75;1025.0;14.29;21.0;2.81;15.0;545.85;1.0;0;1.0;0;0
106308;0;1390.0;0.47;99.75;24.75;1025.0;14.29;21.0;2.92;15.0;775.18;1.0;0;1.0;0;0
106671;0;1390.0;0.47;99.75;24.75;1025.0;14.20;21.0;2.88;15.0;600.09;1.0;0;1.0;0;0
107009;0;1440.0;0.47;99.75;24.75;1025.0;14.20;21.0;2.79;15.0;102.91;1.0;0;1.0;0;0
107379;0;1410.0;0.47;99.75;24.75;1025.0;14.20;21.0;2.83;15.5;76.51;1.0;0;1.0;0;0
107757;0;1380.0;0.47;99.75;24.75;1025.0;14.20;21.0;2.95;15.0;591.47;1.0;0;1.0;0;0
108095;0;1490.0;0;99.75;24.75;1025.0;14.29;21.0;2.77;15.5;772.35;1.0;0;1.0;0;0
108465;0;1490.0;0.47;99.75;24.75;1025.0;14.29;21.0;2.75;15.5;812.25;1.0;0;1.0;0;0
108835;0;1440.0;0.47;99.75;24.75;1025.0;14.20;21.0;2.83;15.5;250.99;1.0;0;1.0;0;0
109162;0;1420.0;0.47;99.75;24.75;1025.0;14.29;21.0;2.79;15.5;45.39;1.0;0;1.0;0;0
109475;0;1370.0;0.47;99.75;24.75;1025.0;14.29;21.0;2.94;15.0;62.71;1.0;0;1.0;0;0
109845;0;1370.0;0.47;99.75;24.75;1025.0;14.20;21.0;2.93;15.0;105.50;1.0;0;1.0;0;0
110181;0;1440.0;0.47;99.75;24.75;1025.0;14.20;21.0;2.92;15.5;615.81;1.0;0;1.0;0;0
110544;0;1550.0;0.47;99.75;24.75;1025.0;14.29;21.0;2.74;16.0;859.71;1.0;0;1.0;0;0
110881;0;1460.0;0.47;99.75;24.75;1025.0;14.29;21.0;2.81;15.5;876.49;1.0;0;1.0;0;0
111251;0;1430.0;0.47;99.75;24.75;1025.0;14.20;21.0;2.83;15.5;716.28;1.0;0;1.0;0;0
111629;0;1440.0;0.47;99.75;24.75;1025.0;14.29;21.0;2.79;15.0;454.00;1.0;0;1.0;0;0
112001;0;1440.0;0.47;99.75;24.75;1025.0;14.20;21.0;2.88;15.0;98.26;1.0;0;1.0;0;0
112371;0;1490.0;0.47;99.75;24.75;1025.0;14.29;21.0;2.77;15.5;831.63;1.0;0;1.0;0;0
112741;0;1470.0;0.47;99.75;24.75;1025.0;14.29;21.0;2.78;15.5;798.90;1.0;0;1.0;0;0
113130;0;1380.0;0;99.75;24.75;1025.0;14.29;21.0;2.88;15.0;142.96;1.0;0;1.0;0;0
113442;0;1380.0;0.47;99.75;24.75;1025.0;14.39;21.0;2.94;15.0;74.53;1.0;0;1.0;0;0
113812;0;1460.0;0.47;101.25;24.75;1025.0;14.29;21.0;2.82;15.5;334.76;1.0;0;1.0;0;0
114195;0;1410.0;0.47;99.75;24.75;1025.0;14.20;21.0;2.87;15.0;775.33;1.0;0;1.0;0;0
114565;0;1450.0;0.47;101.25;24.75;1025.0;14.20;21.0;2.80;15.5;111.30;1.0;0;1.0;0;0
114935;0;1470.0;0.47;101.25;24.75;1025.0;14.29;21.0;2.84;15.5;650.60;1.0;0;1.0;0;0
115305;0;1420.0;0.47;101.25;24.75;1025.0;14.20;21.0;2.81;15.0;219.10;1.0;0;1.0;0;0
115634;0;1410.0;0.47;101.25;24.75;1025.0;14.39;21.0;2.90;15.5;799.67;1.0;0;1.0;0;0
116036;0;1380.0;0.47;101.25;24.75;1025.0;14.20;21.0;2.92;15.0;841.47;1.0;0;1.0;0;0
116462;0;1430.0;0.47;101.25;24.75;1025.0;14.20;21.0;2.82;15.5;430.19;1.0;0;1.0;0;0
116787;0;1460.0;0.47;101.25;24.75;1025.0;14.20;21.0;2.84;15.5;179.12;1.0;0;1.0;0;0
117125;0;1500.0;0.47;101.25;24.75;1025.0;14.29;21.0;2.83;15.5;133.58;1.0;0;1.0;0;0
117545;0;1480.0;0.47;101.25;24.75;1025.0;14.29;21.0;2.82;15.5;817.98;1.0;0;1.0;0;0
117942;0;1470.0;0.47;101.25;24.75;1025.0;14.29;21.0;2.81;15.5;836.21;1.0;0;1.0;0;0
118315;0;1470.0;0.47;101.25;24.75;1025.0;14.29;21.0;2.78;15.5;795.24;1.0;0;1.0;0;0
118748;0;1430.0;0.47;101.25;24.75;1025.0;14.29;21.0;2.78;15.0;564.01;1.0;0;1.0;0;0
119151;0;1360.0;0.47;101.25;24.75;1025.0;14.20;21.0;2.86;15.0;64.99;1.0;0;1.0;0;0
119529;0;1410.0;0.47;101.25;24.75;1025.0;14.39;21.0;2.78;15.0;59.96;1.0;0;1.0;0;0
119925;0;1390.0;0.47;101.25;24.75;1025.0;14.29;21.0;2.94;15.0;93.83;1.0;0;1.0;0;0
120295;0;1450.0;0.47;101.25;24.75;1025.0;14.20;21.0;2.83;15.5;95.89;1.0;0;1.0;0;0
120662;0;1490.0;0.47;101.25;24.75;1025.0;14.20;21.0;2.86;15.5;251.07;1.0;0;1.0;0;0
121030;0;1510.0;0.47;101.25;24.75;1025.0;14.29;21.0;2.76;15.5;807.52;1.0;0;1.0;0;0
121400;0;1530.0;0;101.25;24.75;1025.0;14.29;21.0;2.72;15.5;834.23;1.0;0;1.0;0;0
121781;0;1430.0;0.47;101.25;24.75;1025.0;14.11;21.0;2.82;15.5;789.83;1.0;0;1.0;0;0
122155;0;1470.0;0.47;101.25;24.75;1025.0;14.39;21.0;2.74;15.5;154.86;1.0;0;1.0;0;0
122525;0;1480.0;0.47;101.25;24.75;1025.0;14.20;21.0;2.82;15.5;310.42;1.0;0;1.0;0;0
122895;0;1480.0;0.47;101.25;24.75;1025.0;14.20;21.0;2.74;15.5;345.44;1.0;0;1.0;0;0
123277;0;1530.0;0;101.25;24.75;1025.0;14.20;21.0;2.72;15.5;129.99;1.0;0;1.0;0;0
123590;0;1500.0;0.47;101.25;24.75;1025.0;14.20;21.0;2.86;15.5;208.34;1.0;0;1.0;0;0
123985;0;2160.0;12.23;101.25;24.75;1025.0;14.01;23.0;5.95;10.0;894.19;1.0;0;0;0;0
124297;0;2020.0;0.47;101.25;24.75;1025.0;14.11;21.0;2.56;18.0;841.47;1.0;0;0;0;0
124617;0;1870.0;0.47;101.25;24.75;1025.0;14.11;21.0;2.62;17.0;948.51;1.0;0;0;0;0
125013;0;1770.0;0.47;101.25;24.75;1025.0;14.20;21.0;2.63;16.5;926.69;1.0;0;1.0;0;0
125326;0;1680.0;0.47;101.25;24.75;1025.0;14.29;21.0;2.70;16.5;910.36;1.0;0;1.0;0;0
125711;0;1670.0;0.47;101.25;24.75;1025.0;14.20;21.0;2.67;16.0;895.94;1.0;0;1.0;0;0
126022;0;1520.0;0;101.25;24.75;1025.0;14.20;21.0;2.72;15.5;852.23;1.0;0;1.0;0;0
126357;0;1470.0;0.47;103.5;24.75;1025.0;14.20;21.0;2.78;15.5;678.90;1.0;0;1.0;0;0
126810;0;1480.0;0;101.25;24.75;1025.0;14.20;21.0;2.74;15.5;400.98;1.0;0;1.0;0;0
127118;0;1390.0;0.47;103.5;24.75;1025.0;14.20;21.0;2.88;15.0;146.40;1.0;0;1.0;0;0
127526;0;1540.0;0.47;103.5;24.75;1025.0;14.20;21.0;2.76;15.5;87.42;1.0;0;1.0;0;0
127864;0;1570.0;0.47;103.5;24.75;1025.0;14.11;21.0;2.73;16.0;775.25;1.0;0;1.0;0;0
128166;0;1520.0;0.47;103.5;24.75;1025.0;14.29;21.0;2.78;15.5;848.42;1.0;0;1.0;0;0
128549;0;1450.0;0.47;103.5;24.75;1025.0;14.39;21.0;2.72;15.5;827.36;1.0;0;1.0;0;0
128918;0;1450.0;0;103.5;24.75;1025.0;14.29;21.0;2.77;15.5;114.35;1.0;0;1.0;0;0
129254;0;1430.0;0.47;103.5;24.75;1025.0;14.20;21.0;2.81;15.0;59.20;1.0;0;1.0;0;0
129584;0;1490.0;0.47;103.5;24.75;1025.0;14.29;21.0;2.82;15.5;69.50;1.0;0;1.0;0;0
129896;0;1470.0;0.47;103.5;24.75;1025.0;14.20;21.0;2.86;15.5;378.16;1.0;0;1.0;0;0
130234;0;1510.0;0.47;103.5;24.75;1025.0;14.29;21.0;2.81;15.5;768.24;1.0;0;1.0;0;0
130604;0;1470.0;0.47;103.5;24.75;1025.0;14.29;21.0;2.82;15.5;846.74;1.0;0;1.0;0;0
130926;0;1510.0;0.47;103.5;24.75;1025.0;14.29;21.0;2.71;15.5;744.66;1.0;0;1.0;0;0
131296;0;1480.0;0.47;103.5;24.75;1025.0;14.29;21.0;2.74;15.5;811.03;1.0;0;1.0;0;0
131692;0;1360.0;0.47;103.5;24.75;1025.0;14.39;21.0;2.87;15.0;288.83;1.0;0;1.0;0;0
132006;0;1450.0;0.47;103.5;24.75;1025.0;14.29;21.0;2.81;15.5;70.33;1.0;0;1.0;0;0
132329;0;1490.0;0.47;103.5;24.75;1025.0;14.29;21.0;2.82;15.5;109.39;1.0;0;1.0;0;0
132699;0;1490.0;0.47;103.5;24.75;1025.0;14.20;21.0;2.83;15.5;190.80;1.0;0;1.0;0;0
133128;0;1570.0;0.47;103.5;24.75;1025.0;14.29;21.0;2.71;16.0;785.71;1.0;0;1.0;0;0
133515;0;1650.0;0.47;103.5;24.75;1025.0;14.29;21.0;2.69;16.0;862.22;1.0;0;1.0;0;0
133885;0;1660.0;0.47;103.5;24.75;1025.0;14.11;21.0;2.67;16.0;891.44;1.0;0;1.0;0;0
134255;0;1570.0;0.47;103.5;24.75;1025.0;14.20;21.0;2.68;16.0;877.64;1.0;0;1.0;0;0
134566;0;1450.0;0.47;103.5;24.75;1025.0;14.29;21.0;2.78;15.5;684.93;1.0;0;1.0;0;0
134949;0;1430.0;0.47;103.5;24.75;1025.0;14.20;21.0;2.81;15.5;85.74;1.0;0;1.0;0;0
135318;0;1470.0;0.47;103.5;24.75;1025.0;14.39;21.0;2.76;15.5;61.48;1.0;0;1.0;0;0
135688;0;1590.0;0.47;103.5;24.75;1025.0;14.20;21.0;2.70;16.0;773.58;1.0;0;1.0;0;0
136077;0;1600.0;0.47;103.5;24.75;1025.0;14.29;21.0;2.73;16.0;892.66;1.0;0;1.0;0;0
136390;0;1580.0;0.47;103.5;24.75;1025.0;14.20;21.0;2.68;16.0;883.20;1.0;0;1.0;0;0
136785;0;1550.0;0.47;103.5;24.75;1025.0;14.20;21.0;2.71;16.0;850.78;1.0;0;1.0;0;0
137140;0;1550.0;0.47;103.5;24.75;1025.0;14.20;21.0;2.70;16.0;837.66;1.0;0;1.0;0;0
137509;0;1430.0;0.47;103.5;24.75;1025.0;14.29;21.0;2.76;15.0;414.71;1.0;0;1.0;0;0
137941;0;1450.0;0.94;103.5;24.75;1025.0;14.29;21.0;2.95;15.5;80.10;1.0;0;1.0;0;0
138317;0;1940.0;0.94;103.5;24.75;1025.0;14.11;21.0;2.64;17.0;879.62;1.0;0;0;0;0
138640;0;1740.0;1.41;103.5;24.75;1025.0;14.11;23.0;2.96;16.5;912.58;1.0;1.0;1.0;0;0
139010;0;1790.0;1.41;105.0;25.5;1025.0;13.63;23.0;2.98;17.0;935.62;1.0;1.0;1.0;0;0
139380;0;1860.0;1.41;105.0;25.5;1025.0;14.01;23.0;2.87;17.0;912.50;1.0;0;1.0;0;0
139759;0;1800.0;1.41;105.0;25.5;1025.0;14.01;23.0;2.87;17.0;906.40;1.0;1.0;1.0;0;0
140135;0;1840.0;1.41;105.0;25.5;1025.0;14.01;23.0;2.81;17.0;891.90;1.0;1.0;1.0;0;0
140506;0;1760.0;1.41;105.0;25.5;1025.0;13.92;23.0;2.83;17.0;875.04;1.0;1.0;1.0;0;0
140875;0;1700.0;1.41;105.0;26.25;1025.0;14.01;23.0;2.81;16.5;818.13;1.0;0;1.0;0;0
141257;0;1610.0;1.41;105.0;26.25;1025.0;14.01;23.0;2.82;16.0;572.17;1.0;1.0;1.0;0;0
141627;0;1540.0;1.88;105.0;26.25;1025.0;14.11;23.0;3.03;15.5;111.61;1.0;1.0;1.0;0;0
141997;0;1630.0;2.35;105.0;26.25;1025.0;14.01;23.0;3.07;16.0;49.58;1.0;1.0;1.0;0;0
142385;0;1730.0;2.35;105.0;26.25;1025.0;13.92;23.0;3.10;16.5;53.02;1.0;1.0;1.0;0;0
142697;0;1860.0;2.35;105.0;26.25;1025.0;13.92;23.0;3.10;17.5;311.64;1.0;1.0;1.0;0;0
143092;0;1970.0;2.35;105.0;26.25;1025.0;14.01;23.0;2.97;18.0;854.98;1.0;0;1.0;0;0
143462;0;1930.0;2.35;105.0;27.0;1025.0;14.01;23.0;2.96;18.0;865.96;1.0;1.0;1.0;0;0
143817;0;1900.0;2.35;105.0;27.0;1025.0;14.01;23.0;2.97;17.5;832.01;1.0;1.0;1.0;0;0
144214;0;1770.0;2.35;105.0;27.0;1025.0;14.01;23.0;3.08;17.0;89.33;1.0;1.0;1.0;0;0
144526;0;1770.0;2.35;105.0;27.0;1025.0;14.01;23.0;3.15;17.0;72.62;1.0;1.0;1.0;0;0
144910;0;1870.0;2.82;105.0;27.75;1025.0;14.01;23.0;3.11;17.5;100.70;1.0;1.0;1.0;0;0
145222;0;2020.0;2.82;105.0;27.75;1025.0;14.01;23.0;2.95;18.0;790.36;1.0;1.0;1.0;0;0
145557;0;2040.0;2.82;105.0;27.75;1025.0;14.01;23.0;2.91;18.0;875.42;1.0;1.0;1.0;0;0
145875;0;1940.0;2.82;105.0;27.75;1025.0;13.92;23.0;2.97;18.0;813.93;1.0;1.0;1.0;0;0
146247;0;1890.0;2.82;105.0;27.75;1025.0;14.01;23.0;3.03;17.5;147.39;1.0;1.0;1.0;0;0
146585;0;1920.0;2.82;105.0;27.75;1025.0;13.92;23.0;3.03;17.5;455.37;1.0;1.0;1.0;0;0
146955;0;1890.0;2.82;105.0;27.75;1025.0;14.01;23.0;3.04;17.5;415.70;1.0;1.0;1.0;0;0
147325;0;2220.0;9.41;105.0;28.5;1025.0;14.01;23.0;4.12;18.5;41.34;1.0;1.0;1.0;0;0
147715;0;2900.0;9.41;105.0;28.5;1025.0;13.73;23.0;3.61;39.0;47.29;1.0;1.0;1.0;0;0
148027;0;3450.0;8.93;105.0;28.5;1025.0;13.63;23.0;3.29;45.0;99.40;1.0;1.0;1.0;0;0
148397;0;3700.0;8.93;105.0;28.5;1025.0;13.73;23.0;3.06;45.5;630.07;1.0;1.0;1.0;0;0
148785;0;3900.0;8.46;105.0;29.25;1025.0;13.73;23.0;2.92;46.5;896.25;1.0;1.0;1.0;0;0
149097;0;4050.0;8.46;105.0;29.25;1025.0;13.73;23.0;2.80;47.5;892.74;1.0;1.0;1.0;0;0
149492;0;4100.0;8.46;105.0;29.25;1025.0;13.73;23.0;2.72;48.0;900.98;1.0;1.0;1.0;0;0
149862;0;4000.0;8.46;105.0;29.25;1025.0;13.73;23.0;2.72;47.0;864.97;1.0;0;1.0;0;0
150242;0;3750.0;8.46;105.0;29.25;1025.0;13.63;23.0;2.86;45.5;91.01;1.0;1.0;1.0;0;0
150612;0;3650.0;8.46;105.0;29.25;1025.0;13.73;23.0;2.97;45.5;62.78;1.0;1.0;1.0;0;0
150926;0;3650.0;8.46;105.0;29.25;1025.0;13.73;23.0;3.01;45.5;76.90;1.0;1.0;1.0;0;0
151309;0;3800.0;8.46;105.0;29.25;1025.0;13.63;23.0;2.90;46.0;656.85;1.0;1.0;1.0;0;0
151646;0;3850.0;8.46;105.0;30.0;1025.0;13.73;23.0;2.84;46.5;858.94;1.0;1.0;1.0;0;0
152017;0;3900.0;8.46;105.0;30.0;1025.0;13.73;23.0;2.77;46.5;852.92;1.0;1.0;1.0;0;0
152387;0;3850.0;8.46;105.0;30.0;1025.0;13.73;23.0;2.82;46.0;683.93;1.0;1.0;1.0;0;0
152752;0;3800.0;8.46;105.0;30.0;1025.0;13.73;23.0;2.86;46.0;140.44;1.0;0;1.0;0;0
153122;0;3800.0;8.46;105.0;30.0;1025.0;13.73;23.0;2.85;46.0;718.95;1.0;1.0;1.0;0;0
153492;0;3750.0;8.46;105.0;30.0;1025.0;13.73;23.0;2.86;45.5;306.53;1.0;1.0;1.0;0;0
153875;0;3700.0;8.46;105.0;30.0;1025.0;13.73;23.0;2.94;45.5;200.49;1.0;1.0;1.0;0;0
154245;0;3750.0;8.46;105.0;30.0;1025.0;13.63;23.0;2.9;46.0;558.51;1.0;1.0;1.0;0;0
154615;0;3850.0;8.46;105.0;30.0;1025.0;13.63;23.0;2.82;46.0;843.00;1.0;1.0;1.0;0;0
155011;0;3800.0;8.46;105.0;30.0;1025.0;13.73;23.0;2.85;46.0;376.87;1.0;1.0;1.0;0;0
155368;0;3800.0;8.46;105.0;30.0;1025.0;13.63;23.0;2.85;46.0;648.54;1.0;1.0;1.0;0;0
155739;0;3750.0;8.46;105.0;30.0;1025.0;13.73;23.0;2.9;45.5;214.06;1.0;1.0;1.0;0;0
156134;0;3750.0;8.46;105.0;30.75;1025.0;13.73;23.0;2.84;46.0;439.88;1.0;1.0;1.0;0;0
156440;0;3850.0;8.46;105.0;30.75;1025.0;13.73;23.0;2.84;46.0;614.13;1.0;1.0;1.0;0;0
156903;0;3950.0;8.46;105.0;30.75;1025.0;13.73;23.0;2.75;46.5;860.78;1.0;1.0;1.0;0;0
157216;0;3750.0;8.46;103.5;30.75;1025.0;13.73;23.0;2.86;46.0;169.74;1.0;1.0;1.0;0;0
157586;0;3700.0;8.46;105.0;30.75;1025.0;13.63;23.0;2.93;45.5;72.93;1.0;1.0;1.0;0;0
157977;0;3750.0;8.46;105.0;30.75;1025.0;13.73;23.0;2.93;45.5;84.98;1.0;1.0;1.0;0;0
158290;0;3300.0;0.94;103.5;30.75;1025.0;13.73;21.0;1.99;40.0;751.07;1.0;1.0;0;0;0
158660;0;2550.0;0.94;103.5;31.5;1025.0;13.73;21.0;2.31;23.0;858.79;1.0;1.0;0;0;0
158994;0;1940.0;0.47;103.5;31.5;1025.0;14.01;21.0;2.61;17.5;889.84;1.0;1.0;1.0;0;0
159364;0;1680.0;0.47;103.5;31.5;1025.0;14.01;21.0;2.76;16.5;923.10;1.0;1.0;1.0;0;0
159735;0;1520.0;0.47;103.5;31.5;1025.0;14.11;21.0;2.80;16.0;891.83;1.0;1.0;1.0;0;0
160072;0;1460.0;0.47;103.5;31.5;1025.0;14.11;21.0;2.75;15.5;839.57;1.0;1.0;1.0;0;0
160455;0;1430.0;0.47;103.5;31.5;1025.0;14.01;21.0;2.76;15.0;690.88;1.0;1.0;1.0;0;0
160767;0;1410.0;0.47;103.5;31.5;1025.0;14.01;21.0;2.78;15.0;549.59;1.0;1.0;1.0;0;0
161102;0;1350.0;0.47;103.5;31.5;1025.0;14.01;21.0;2.84;15.0;239.24;1.0;1.0;1.0;0;0
161466;0;1280.0;0.47;103.5;31.5;1025.0;13.82;21.0;2.96;12.5;83.61;1.0;1.0;1.0;0;0
161863;0;1370.0;0.47;103.5;31.5;1025.0;13.82;21.0;2.93;15.0;68.73;1.0;0;1.0;0;0
162233;0;1400.0;0.47;103.5;31.5;1025.0;13.92;21.0;2.92;15.0;146.01;1.0;1.0;1.0;0;0
162546;0;1420.0;0.47;103.5;31.5;1025.0;14.11;21.0;2.79;15.0;775.86;1.0;1.0;1.0;0;0
162927;0;1390.0;0.47;103.5;31.5;1025.0;13.92;21.0;2.93;15.0;225.13;1.0;1.0;1.0;0;0
163297;0;1400.0;0.47;103.5;31.5;1025.0;14.01;21.0;2.86;15.0;102.76;1.0;1.0;1.0;0;0
163667;0;1380.0;0.47;103.5;31.5;1025.0;14.01;21.0;2.93;15.0;804.93;1.0;1.0;1.0;0;0
164051;0;1420.0;0.47;103.5;31.5;1025.0;14.01;21.0;2.90;15.0;410.74;1.0;0;1.0;0;0
164389;0;1390.0;0.47;103.5;31.5;1025.0;14.01;21.0;2.96;15.0;733.68;1.0;1.0;1.0;0;0
164743;0;1390.0;0;103.5;31.5;1025.0;14.01;21.0;2.89;15.0;705.45;1.0;1.0;1.0;0;0
165138;0;1390.0;0.47;103.5;32.25;1025.0;14.01;21.0;2.88;15.0;509.99;1.0;1.0;1.0;0;0
165505;0;1350.0;0.47;103.5;32.25;1025.0;13.92;21.0;2.92;15.0;111.30;1.0;1.0;1.0;0;0
165900;0;1400.0;0.47;103.5;32.25;1025.0;14.01;21.0;2.90;15.0;86.43;1.0;1.0;1.0;0;0
166237;0;1360.0;0.47;103.5;32.25;1025.0;13.92;21.0;2.89;15.0;350.93;1.0;0;1.0;0;0
166550;0;1400.0;0.47;103.5;32.25;1025.0;14.01;21.0;2.79;15.0;433.63;1.0;1.0;1.0;0;0
166940;0;1340.0;0.47;103.5;32.25;1025.0;14.01;21.0;3.01;15.0;105.66;1.0;1.0;1.0;0;0
167252;0;1380.0;0.47;103.5;32.25;1025.0;14.01;21.0;2.91;15.0;233.90;1.0;1.0;1.0;0;0
167622;0;1380.0;0.47;103.5;32.25;1025.0;14.01;21.0;2.92;15.0;138.16;1.0;1.0;1.0;0;0
168010;0;1410.0;0.47;103.5;32.25;1025.0;14.01;21.0;2.84;15.0;769.84;1.0;1.0;1.0;0;0
168343;0;1350.0;0.47;103.5;32.25;1025.0;13.92;21.0;2.93;15.0;842.54;1.0;1.0;1.0;0;0
168711;0;1300.0;0.47;103.5;32.25;1025.0;13.82;21.0;3.00;12.5;184.69;1.0;1.0;1.0;0;0
169046;0;1350.0;0.47;103.5;32.25;1025.0;13.92;21.0;2.94;15.0;562.79;1.0;0;1.0;0;0
169421;0;1340.0;0.47;103.5;32.25;1025.0;13.82;21.0;2.96;12.5;281.81;1.0;1.0;1.0;0;0
169757;0;1390.0;0.47;103.5;32.25;1025.0;13.92;21.0;2.97;15.0;662.65;1.0;1.0;1.0;0;0
170127;0;1420.0;0.47;103.5;32.25;1025.0;14.01;21.0;2.81;15.0;843.53;1.0;0;1.0;0;0
170508;0;1340.0;0.47;103.5;32.25;1025.0;13.92;21.0;3.01;15.0;216.81;1.0;1.0;1.0;0;0
170851;0;1380.0;0;103.5;32.25;1025.0;14.01;21.0;2.93;15.0;133.73;1.0;1.0;1.0;0;0
171221;0;1290.0;0.47;103.5;32.25;1025.0;13.82;21.0;3.15;12.5;689.58;1.0;1.0;1.0;0;0
171534;0;1420.0;0.47;103.5;32.25;1025.0;13.63;21.0;2.84;15.0;853.45;1.0;1.0;1.0;0;0
171917;0;1350.0;0.47;103.5;32.25;1025.0;13.54;21.0;2.96;15.0;657.77;1.0;1.0;1.0;0;0
172289;0;1380.0;0.47;103.5;32.25;1025.0;13.54;21.0;2.96;15.0;104.28;1.0;1.0;1.0;0;0
172626;0;1400.0;0.47;103.5;32.25;1025.0;13.54;21.0;2.89;15.0;259.08;1.0;1.0;1.0;0;0
173011;0;1450.0;0.47;103.5;32.25;1025.0;13.63;21.0;2.82;15.5;819.58;1.0;1.0;1.0;0;0
173328;0;1420.0;0;103.5;32.25;1025.0;13.63;21.0;2.81;15.0;834.99;1.0;1.0;1.0;0;0
173723;0;1340.0;0.47;103.5;32.25;1025.0;13.54;21.0;2.98;15.0;789.22;1.0;0;1.0;0;0
174036;0;1420.0;0.47;103.5;33.0;1030.0;13.63;21.0;2.83;15.0;118.09;1.0;1.0;1.0;0;0
174407;0;1440.0;0.47;103.5;33.0;1025.0;13.54;21.0;2.86;15.0;122.90;1.0;1.0;1.0;0;0
174802;0;1370.0;0.47;103.5;33.0;1025.0;13.54;21.0;2.89;15.0;660.51;1.0;1.0;1.0;0;0
175172;0;1390.0;0.47;103.5;33.0;1025.0;13.63;21.0;2.94;15.5;140.14;1.0;1.0;1.0;0;0
175485;0;1400.0;0.47;103.5;33.0;1025.0;13.63;21.0;2.83;15.0;785.17;1.0;1.0;1.0;0;0
175815;0;1420.0;0;103.5;33.0;1025.0;13.63;21.0;2.79;15.0;298.67;1.0;0;1.0;0;0
176184;0;1380.0;0.47;103.5;33.0;1025.0;13.54;21.0;2.97;15.0;751.91;1.0;1.0;1.0;0;0
176580;0;1410.0;0.47;103.5;33.0;1025.0;13.54;21.0;2.83;15.0;207.35;1.0;1.0;1.0;0;0
176886;0;1420.0;0.47;103.5;33.0;1025.0;13.54;21.0;2.85;15.0;702.55;1.0;1.0;1.0;0;0
177281;0;1410.0;0.47;103.5;33.0;1025.0;13.54;21.0;2.83;15.0;146.32;1.0;1.0;1.0;0;0
177593;0;1450.0;0.47;103.5;33.0;1025.0;13.63;21.0;2.82;15.0;492.60;1.0;1.0;1.0;0;0
177964;0;1360.0;0.47;103.5;33.0;1025.0;13.54;21.0;2.93;15.0;792.72;1.0;1.0;1.0;0;0
178340;0;1390.0;0.47;103.5;33.0;1025.0;13.54;21.0;2.92;15.0;102.07;1.0;1.0;1.0;0;0
178675;0;1380.0;0.47;103.5;33.0;1030.0;13.82;21.0;2.93;15.0;535.02;1.0;1.0;1.0;0;0
179047;0;1380.0;0.47;103.5;33.0;1025.0;13.82;21.0;2.88;15.0;491.61;1.0;1.0;1.0;0;0
179433;0;1280.0;0.47;103.5;33.0;1025.0;13.82;21.0;3.07;15.0;75.45;1.0;0;1.0;0;0
179746;0;1440.0;0.47;103.5;33.0;1025.0;13.82;21.0;2.86;15.0;106.72;1.0;1.0;1.0;0;0
180116;0;1370.0;0.47;103.5;33.0;1025.0;13.92;21.0;2.93;15.0;819.73;1.0;0;1.0;0;0
180455;0;1430.0;0.47;103.5;33.0;1025.0;14.01;21.0;2.78;15.0;729.48;1.0;1.0;1.0;0;0
180828;0;1410.0;0.47;103.5;33.75;1025.0;14.01;21.0;2.80;15.0;154.48;1.0;1.0;1.0;0;0
181201;0;1420.0;0.47;103.5;33.75;1025.0;14.11;21.0;2.87;15.5;336.36;1.0;0;1.0;0;0
181575;0;1440.0;0.47;103.5;33.75;1025.0;14.11;21.0;2.84;15.5;200.33;1.0;1.0;1.0;0;0
181941;0;1410.0;1.41;103.5;33.75;1030.0;14.01;23.0;3.31;15.0;322.85;1.0;1.0;1.0;0;0
182281;0;1730.0;1.88;103.5;33.75;1025.0;13.92;23.0;3.07;16.5;923.03;1.0;1.0;1.0;0;0
182651;0;1700.0;0.47;103.5;33.75;1025.0;14.01;21.0;2.71;16.5;905.86;1.0;1.0;1.0;0;0
183021;0;1530.0;0.94;103.5;33.75;1025.0;14.01;21.0;2.78;15.5;954.92;1.0;1.0;1.0;0;0
183368;0;1580.0;0.47;103.5;33.75;1025.0;14.11;21.0;2.67;16.0;931.65;1.0;1.0;1.0;0;0
183738;0;1530.0;0.47;103.5;33.75;1025.0;14.01;21.0;2.66;15.5;848.87;1.0;1.0;1.0;0;0
184051;0;1420.0;0;103.5;33.75;1025.0;14.01;21.0;2.70;15.0;694.16;1.0;1.0;1.0;0;0
184422;0;1280.0;0.47;103.5;33.75;1025.0;14.01;21.0;3.01;15.0;167.83;1.0;1.0;1.0;0;0
184751;0;1380.0;0.47;101.25;33.75;1025.0;14.01;21.0;2.88;15.0;73.23;1.0;1.0;1.0;0;0
185146;0;1440.0;0.47;101.25;33.75;1030.0;14.11;21.0;2.83;15.5;108.86;1.0;1.0;1.0;0;0
185474;0;1430.0;0.47;101.25;33.75;1025.0;14.01;21.0;2.81;15.0;125.42;1.0;1.0;1.0;0;0
185926;0;1420.0;0.47;101.25;33.75;1025.0;14.01;21.0;2.83;15.0;83.76;1.0;0;1.0;0;0
186298;0;1410.0;0.47;101.25;33.75;1025.0;14.11;21.0;2.92;15.0;156.08;1.0;1.0;1.0;0;0
186726;0;1460.0;0.47;101.25;33.75;1025.0;14.11;21.0;2.80;15.5;829.04;1.0;1.0;1.0;0;0
187090;0;1470.0;0.47;101.25;33.75;1030.0;14.01;21.0;2.80;15.5;794.33;1.0;1.0;1.0;0;0
187462;0;1400.0;0.47;101.25;33.75;1025.0;14.01;21.0;2.88;15.5;714.45;1.0;1.0;1.0;0;0
187830;0;1310.0;0.47;101.25;33.75;1025.0;14.01;21.0;3.02;15.0;390.75;1.0;1.0;1.0;0;0
188200;0;1430.0;0.47;101.25;33.75;1025.0;14.11;21.0;2.81;15.0;622.83;1.0;0;1.0;0;0
